"Ticker","Nome","Negócios","Última (R$)","Variação"
"MGLU3","Magazine Luiza","98.893.300","1,73","-2,26%"
"HAPV3","Hapvida","73.996.600","3,96","+0,51%"
"B3SA3","B3","37.532.200","11,98","+0,17%"
"CPLE6","Copel","33.423.200","9,22","-3,76%"
"PETR4","Petrobras","33.195.300","39,30","-0,73%"
"RAIZ4","Raízen","27.462.100","3,13","-4,57%"
"COGN3","Cogna","25.394.800","2,29","-1,72%"
"CVCB3","CVC","23.376.400","2,36","-4,07%"
"ABEV3","Ambev","21.019.300","12,20","+0,83%"
"BBDC4","Banco Bradesco","20.195.300","14,39","-0,07%"
"CPLE3","Copel","19.269.600","8,28","-2,82%"
"ITSA4","Itaúsa","18.931.300","10,01","+0,00%"
"ITUB4","Itaú Unibanco","18.242.800","32,80","-0,18%"
"ELET3","Eletrobras","17.852.300","38,84","-4,62%"
"CIEL3","Cielo","17.086.000","5,40","+0,19%"
"PCAR3","Grupo Pão de Açúcar","16.487.500","2,60","+0,00%"
"VALE3","Vale","16.170.900","61,86","+0,42%"
"CSAN3","Cosan","14.826.100","15,01","-3,53%"
"AMER3","Americanas","14.276.800","0,56","+0,00%"
"CSNA3","Siderúrgica Nacional","14.236.200","14,32","-0,21%"
"VIVA3","Vivara","13.133.300","23,39","-2,83%"
"HBSA3","Hidrovias do Brasil","12.694.800","4,21","+1,20%"
"MRVE3","MRV","12.163.700","7,11","+0,71%"
"AZEV4","Azevedo & Travassos","11.711.300","1,78","+5,33%"
"SLCE3","SLC Agrícola","10.414.700","18,79","-4,18%"
"CMIG4","CEMIG","9.830.900","13,11","-0,23%"
"BEEF3","Minerva","9.769.600","6,50","+0,62%"
"AZUL4","Azul","9.661.300","12,41","-2,74%"
"MULT3","Multiplan","9.480.200","25,31","+1,32%"
"EQTL3","Equatorial Energia","9.087.100","31,82","-0,56%"
"LREN3","Lojas Renner","8.686.900","16,69","+1,95%"
"SOMA3","Grupo Soma","8.664.600","6,44","-0,16%"
"VAMO3","Grupo Vamos","8.130.900","8,25","-1,67%"
"CMIN3","CSN Mineração","8.109.400","5,08","-0,39%"
"PRIO3","PetroRio","7.883.900","49,80","-0,78%"
"PETZ3","Petz","7.850.600","3,76","-0,79%"
"ALOS3","ALOS3","7.735.700","23,32","-0,51%"
"BRFS3","BRF","7.628.100","16,90","+0,12%"
"JBSS3","JBS","7.617.500","22,30","-0,22%"
"RAIL3","Rumo","7.614.500","22,72","+0,09%"
"PETR3","Petrobras","7.137.800","40,63","-0,90%"
"RDOR3","Rede D'Or","6.828.900","24,55","-0,65%"
"USIM5","Usiminas","6.640.800","10,27","-0,87%"
"STBP3","Santos Brasil","6.537.700","13,25","-3,43%"
"BBSE3","BB Seguridade","6.472.000","33,38","+0,94%"
"CCRO3","Grupo CCR","6.317.500","13,57","-1,09%"
"LWSA3","Locaweb","6.281.900","5,46","+0,74%"
"SUZB3","Suzano","6.222.300","61,21","-0,89%"
"BBAS3","Banco do Brasil","6.206.100","57,74","+0,24%"
"QUAL3","Qualicorp","6.041.400","1,56","-1,27%"
"ENEV3","Eneva","5.988.400","12,70","-1,01%"
"RRRP3","3R Petroleum","5.960.900","36,26","+2,57%"
"SMTO3","São Martinho","5.768.100","30,71","-1,88%"
"NTCO3","Natura","5.709.900","17,27","-1,31%"
"ASAI3","Assaí","5.555.400","14,18","-0,42%"
"ALPA4","Alpargatas","5.461.900","9,36","+2,07%"
"CYRE3","Cyrela","5.429.800","23,89","+1,10%"
"GFSA3","Gafisa","5.405.300","6,33","-8,26%"
"MRFG3","Marfrig","5.403.000","10,37","-0,67%"
"BHIA3","Casas Bahia","5.381.000","7,01","+1,59%"
"RENT3","Localiza","5.160.500","53,28","-0,58%"
"VBBR3","Vibra Energia","5.046.100","25,45","-0,24%"
"CRFB3","Carrefour Brasil","4.930.400","12,60","-2,55%"
"GGBR4","Gerdau","4.800.100","22,87","+0,09%"
"TEND3","Construtora Tenda","4.661.900","13,06","-4,53%"
"POMO4","Marcopolo","4.356.000","7,62","+0,40%"
"RADL3","RaiaDrogasil","4.327.800","26,35","-0,11%"
"ENAT3","Enauta","4.314.300","28,83","+2,31%"
"IFCM3","Infracommerce","4.293.700","0,85","-2,30%"
"MLAS3","Multilaser","4.285.300","2,40","+3,90%"
"SEQL3","Sequoia Logística","4.219.800","0,31","+0,00%"
"GOAU4","Metalúrgica Gerdau","4.134.700","10,75","+0,37%"
"WEGE3","WEG","4.130.600","38,24","-0,42%"
"FLRY3","Fleury","4.111.900","14,80","+0,68%"
"TIMS3","TIM","4.106.400","17,46","-1,85%"
"YDUQ3","YDUQS","3.969.500","15,73","-3,56%"
"BBDC3","Banco Bradesco","3.903.900","12,74","-0,55%"
"OIBR3","Oi","3.808.200","0,64","-1,54%"
"SIMH3","Simpar","3.768.500","7,14","-0,42%"
"GOLL4","GOL","3.714.600","1,49","+0,00%"
"ANIM3","Ânima Educação","3.563.800","4,53","-2,37%"
"EMBR3","Embraer","3.463.600","32,62","-0,67%"
"ECOR3","EcoRodovias","3.423.300","7,86","-1,26%"
"CEAB3","C&A","3.334.800","11,46","-0,78%"
"GMAT3","Grupo Mateus","3.294.800","8,23","+0,61%"
"TOTS3","Totvs","3.263.300","27,47","-0,94%"
"TRPL4","Transmissão Paulista","3.193.600","26,55","+0,23%"
"SRNA3","SRNA3","3.061.600","8,93","-2,51%"
"CXSE3","Caixa Seguridade","3.019.100","16,03","+1,33%"
"MOVI3","Movida","2.947.100","8,11","-0,12%"
"HYPE3","Hypera","2.944.500","30,12","-2,08%"
"ONCO3","Oncoclínicas","2.878.800","8,03","-3,37%"
"CBAV3","CBA","2.816.200","4,87","+3,40%"
"BRAP4","Bradespar","2.776.400","20,83","-0,05%"
"BPAN4","Banco Pan","2.748.800","9,30","+0,98%"
"ELET6","Eletrobras","2.687.700","43,64","-4,40%"
"GGPS3","GPS","2.657.700","20,17","+0,50%"
"UGPA3","Ultrapar","2.640.000","27,78","+0,29%"
"JHSF3","JHSF","2.569.200","4,57","-2,35%"
"IRBR3","IRB Brasil RE","2.485.200","40,51","-0,76%"
"ARZZ3","Arezzo","2.448.700","53,95","+0,00%"
"DXCO3","Dexco","2.274.600","7,60","+0,40%"
"AURE3","Auren Energia","2.215.500","11,98","-0,33%"
"DIRR3","Direcional","2.210.800","24,83","-0,68%"
"LIGT3","Light","2.168.900","5,30","+4,13%"
"CASH3","Méliuz","1.993.200","4,54","-0,44%"
"RECV3","PetroRecôncavo","1.958.000","21,99","-0,81%"
"SMFT3","Smart Fit","1.914.700","25,83","-0,84%"
"POSI3","Positivo","1.880.500","9,94","-0,50%"
"INTB3","Intelbras","1.870.600","18,73","-0,37%"
"CPFE3","CPFL Energia","1.856.000","35,29","-1,18%"
"CURY3","Cury","1.848.400","20,39","+1,54%"
"VIVT3","Vivo","1.844.000","49,38","-2,16%"
"SBFG3","Grupo SBF","1.841.300","13,67","-1,94%"
"ODPV3","Odontoprev","1.820.900","11,54","-1,54%"
"EZTC3","EZTEC","1.808.900","15,28","+1,87%"
"GUAR3","Guararapes","1.684.900","8,08","-1,10%"
"SBSP3","Sabesp","1.642.100","82,37","-1,71%"
"CLSA3","ClearSale","1.556.100","6,87","+8,36%"
"AZEV3","Azevedo & Travassos","1.543.500","1,77","+1,14%"
"AERI3","Aeris Energy","1.452.400","0,62","+3,33%"
"AESB3","AES Brasil","1.449.900","9,56","-1,34%"
"BRKM5","Braskem","1.447.100","24,54","-0,69%"
"SAPR4","Sanepar","1.410.800","5,11","-0,97%"
"PSSA3","Porto Seguro","1.328.800","31,00","+0,06%"
"LJQQ3","Lojas Quero-Quero","1.288.300","5,40","-0,92%"
"PORT3","Wilson Sons","1.288.000","17,39","-1,36%"
"NEOE3","Neoenergia","1.246.300","20,60","-1,15%"
"PLPL3","Plano&Plano","1.234.100","13,88","+3,27%"
"EGIE3","Engie","1.223.200","40,86","-1,54%"
"KLBN4","Klabin","1.139.500","5,02","+0,00%"
"MBLY3","Mobly","1.135.600","2,30","-2,95%"
"CSMG3","COPASA","1.125.600","21,99","+1,10%"
"BRSR6","Banrisul","1.020.100","13,33","-0,07%"
"KRSA3","Kora Saúde","992.300","0,73","-3,95%"
"HBRE3","HBR Realty","988.700","5,88","+0,86%"
"AMBP3","Ambipar","950.600","13,04","-2,18%"
"GRND3","Grendene","949.000","6,40","+0,31%"
"RAPT4","Randon","937.600","13,29","-0,23%"
"MDIA3","M. Dias Branco","913.300","35,50","-1,80%"
"VITT3","Vittia","890.500","6,39","-0,93%"
"ZAMP3","Zamp","816.000","3,17","-0,94%"
"MTRE3","Mitre Realty","783.700","5,10","+0,00%"
"FESA4","Ferbasa","767.800","8,79","-2,33%"
"NGRD3","Neogrid","759.000","1,06","+0,00%"
"TRAD3","Traders Club","745.400","0,89","-5,32%"
"JALL3","Jalles Machado","634.500","7,67","+1,86%"
"EVEN3","Even","628.200","7,90","-0,88%"
"VVEO3","Viveo","618.500","6,95","+1,46%"
"PTBL3","Portobello","593.700","6,35","-2,16%"
"POMO3","Marcopolo","588.500","5,88","-1,01%"
"PDGR3","PDG Realty","577.300","0,30","+0,00%"
"RCSL3","Recrusul","575.000","1,61","+0,62%"
"RANI3","Irani","568.800","9,46","+0,11%"
"TTEN3","3tentos","559.800","10,45","-0,38%"
"MYPK3","Iochpe-Maxion","549.700","13,80","-1,29%"
"OPCT3","OceanPact","543.200","6,12","-1,13%"
"PGMN3","Pague Menos","530.800","2,64","-2,22%"
"ENJU3","Enjoei","509.700","1,94","-3,00%"
"KEPL3","Kepler Weber","483.500","10,49","-0,66%"
"BMGB4","Banco BMG","457.400","3,43","-0,58%"
"ARML3","Armac","442.400","11,81","-2,72%"
"VLID3","Valid","434.600","17,90","-1,21%"
"LAVV3","Lavvi Incorporadora","420.400","9,14","-1,08%"
"TRIS3","Trisul","410.400","5,21","-3,70%"
"ESPA3","Espaçolaser","404.500","0,98","+0,00%"
"CAML3","Camil Alimentos","398.100","8,67","+0,93%"
"HBOR3","Helbor","394.300","2,88","-0,69%"
"AMAR3","Lojas Marisa","392.500","1,68","+0,60%"
"ABCB4","Banco ABC Brasil","385.600","24,30","-0,16%"
"VULC3","Vulcabras","385.600","16,83","-0,59%"
"JSLG3","JSL","379.000","13,16","+0,00%"
"RCSL4","Recrusul","377.300","0,63","+0,00%"
"MDNE3","Moura Dubeux","374.200","13,39","-2,90%"
"PRNR3","Priner","364.400","13,56","-0,73%"
"SEER3","Ser Educacional","363.900","6,71","-2,47%"
"BRIT3","Brisanet","318.000","4,28","+1,18%"
"TUPY3","Tupy","316.300","28,53","+0,42%"
"PINE4","PINE","314.800","4,52","+1,35%"
"WIZC3","Wiz Soluções","302.700","7,05","-1,54%"
"SHUL4","Schulz","301.700","6,75","+0,75%"
"AGXY3","AgroGalaxy","293.200","1,99","-1,00%"
"ORVR3","Orizon","291.100","37,37","-0,08%"
"MEAL3","IMC Alimentação","290.600","1,66","-1,19%"
"SYNE3","SYN","287.400","8,55","-2,95%"
"USIM3","Usiminas","284.700","9,54","-0,83%"
"MILS3","Mills","283.400","13,26","-0,82%"
"ITUB3","Itaú Unibanco","272.600","28,35","-0,35%"
"ALLD3","Allied","271.400","9,72","+1,67%"
"MATD3","Mater Dei","267.500","5,71","-1,72%"
"UCAS3","Unicasa","260.900","2,52","-4,91%"
"LUPA3","Lupatech","255.000","1,70","-2,30%"
"LOGG3","LOG CP","253.500","22,96","+3,19%"
"PFRM3","Profarma","252.200","5,53","+3,17%"
"SANB4","Banco Santander","241.600","14,56","+1,04%"
"LEVE3","Mahle Metal Leve","238.900","35,23","+1,00%"
"BLAU3","Blau Farmacêutica","234.600","12,00","-0,83%"
"KLBN3","Klabin","217.900","5,00","+0,20%"
"SANB3","Banco Santander","213.700","12,93","+0,62%"
"AGRO3","BrasilAgro","212.000","25,18","+0,76%"
"PNVL3","Dimed","211.600","12,06","+1,34%"
"CSED3","Cruzeiro do Sul Educacional","208.300","4,36","-0,68%"
"DASA3","Dasa","207.500","5,35","-1,47%"
"SHOW3","Time For Fun","207.300","2,76","-1,08%"
"SOJA3","Boa Safra Sementes","204.200","16,69","-1,24%"
"CMIG3","CEMIG","199.200","15,16","+0,40%"
"TASA4","Taurus","193.100","12,91","-0,77%"
"TECN3","Technos","187.300","4,37","+1,86%"
"FIQE3","Unifique","186.300","4,00","+0,25%"
"ETER3","Eternit","181.900","7,36","-2,52%"
"SAPR3","Sanepar","175.400","4,89","-0,20%"
"BMOB3","Bemobi","157.900","13,17","+0,15%"
"MELK3","Melnick","153.500","4,89","+0,20%"
"UNIP6","Unipar","143.000","64,31","-0,77%"
"DMVF3","D1000 Varejo Farma","137.700","6,78","+1,04%"
"TFCO4","Track & Field","128.200","11,97","+0,67%"
"AALR3","Alliança","126.300","10,07","+1,10%"
"ROMI3","Indústrias ROMI","125.700","12,35","-0,40%"
"FRAS3","Fras-le","118.500","17,77","-1,11%"
"TGMA3","Tegma","116.600","26,57","-0,30%"
"ITSA3","Itaúsa","115.800","9,99","-0,30%"
"BIOM3","Biomm","98.900","10,15","-0,29%"
"INEP3","Inepar","97.100","3,81","+1,60%"
"TCSA3","Tecnisa","97.100","2,73","-2,50%"
"SGPS3","Springs","95.600","0,79","-1,25%"
"DESK3","Desktop","91.400","14,78","-2,31%"
"TAEE4","Taesa","85.200","12,22","+0,41%"
"ALPK3","Estapar","84.500","4,64","-0,85%"
"BRAP3","Bradespar","84.400","20,26","-0,20%"
"JFEN3","João Fortes","72.300","1,81","+0,00%"
"LAND3","Terra Santa","66.300","14,54","-1,09%"
"EUCA4","Eucatex","65.400","17,36","+3,77%"
"RNEW4","Renova Energia","53.500","1,12","+0,00%"
"TAEE3","Taesa","51.800","12,11","+0,67%"
"DEXP3","Dexxos","44.900","11,50","+1,32%"
"IGTI3","Jereissati Participações","43.500","3,19","-1,24%"
"IGTI3","Iguatemi","43.500","3,19","-1,24%"
"LPSB3","Lopes","43.200","2,12","-0,93%"
"VIVR3","Viver","42.900","3,05","-1,29%"
"ELMD3","Eletromidia","42.600","18,60","+0,54%"
"RSID3","Rossi Residencial","41.300","4,14","+0,98%"
"CSUD3","CSU Cardsystem","39.700","19,25","-1,03%"
"LOGN3","Log-In","38.000","37,80","+3,85%"
"INEP4","Inepar","36.900","3,18","+2,25%"
"PDTC3","Padtec","36.200","2,48","-1,20%"
"PMAM3","Paranapanema","32.800","3,00","-0,33%"
"RNEW3","Renova Energia","29.900","1,14","+0,00%"
"CAMB3","Cambuci","26.200","10,97","-0,18%"
"ALUP4","Alupar","25.700","9,94","+0,10%"
"BOBR4","Bombril","25.500","2,15","+0,00%"
"GGBR3","Gerdau","24.500","20,41","-0,54%"
"MWET4","Wetzel","22.700","5,57","-2,96%"
"DOTZ3","Dotz","21.200","5,88","+6,52%"
"HOOT4","Hotéis Othon","20.800","2,79","-0,36%"
"ATOM3","ATOM","20.800","2,00","-0,99%"
"CGRA4","Grazziotin","20.100","28,30","+1,18%"
"OIBR4","Oi","18.600","1,83","-1,08%"
"EMAE4","EMAE","18.300","77,00","-1,91%"
"GOAU3","Metalúrgica Gerdau","17.000","10,89","+0,37%"
"ALUP3","Alupar","15.100","10,29","+0,00%"
"CTNM4","Coteminas","14.600","1,17","+0,00%"
"PTNT3","Pettenati","14.100","10,00","-7,41%"
"PTNT4","Pettenati","14.100","7,60","-3,18%"
"RAPT3","Randon","13.900","11,06","-1,16%"
"ENGI4","Energisa","13.000","8,00","-0,37%"
"TPIS3","Triunfo","12.700","3,92","+1,03%"
"WHRL4","Whirlpool","11.500","4,66","+0,22%"
"WLMM4","WLM","10.800","26,00","+2,48%"
"WEST3","Westwing","10.500","1,30","+0,78%"
"EPAR3","Embpar Participações","10.100","7,80","+2,50%"
"ATMP3","Atma","9.400","2,00","+3,63%"
"UNIP3","Unipar","8.100","61,89","+2,48%"
"BEES3","Banestes","6.400","8,86","+0,11%"
"EALT4","Electro Aço Altona","6.300","10,64","-0,37%"
"BPAC5","Banco BTG Pactual","6.200","8,61","-1,60%"
"REDE3","Rede Energia","6.100","6,95","-0,29%"
"HAGA4","Haga","5.600","1,16","+0,00%"
"CEDO4","Cedro Têxtil","5.100","29,60","+8,31%"
"BMEB4","Banco Mercantil do Brasil","4.900","22,90","-0,43%"
"ENGI3","Energisa","4.900","15,18","+0,80%"
"LVTC3","WDC Networks","4.800","3,84","+0,00%"
"CEBR6","CEB","4.700","21,80","-0,27%"
"OFSA3","Ourofino Saúde Animal","4.500","23,43","-2,33%"
"BPAC3","Banco BTG Pactual","4.200","17,32","-0,12%"
"FHER3","Fertilizantes Heringer","4.200","5,25","-2,42%"
"FRTA3","Pomi Frutas","4.200","1,43","-0,69%"
"BAHI3","Bahema","4.000","8,58","+0,00%"
"TASA3","Taurus","3.900","13,50","-1,03%"
"BRKM3","Braskem","3.800","23,92","+0,55%"
"CTSA4","Santanense","3.800","1,50","-0,66%"
"TRPL3","Transmissão Paulista","3.700","33,79","+0,84%"
"SCAR3","São Carlos","3.500","26,13","-1,77%"
"MGEL4","Mangels","3.200","18,62","+0,65%"
"AVLL3","Alphaville","3.200","3,77","-1,57%"
"COCE5","Coelce","2.800","34,50","-0,20%"
"EKTR4","Elektro","2.700","49,97","+4,34%"
"EQPA3","Equatorial Energia Pará","2.700","8,10","+2,14%"
"NINJ3","GetNinjas","2.700","5,11","+0,00%"
"TEKA3","Teka","2.500","50,00","+0,00%"
"CEBR5","CEB","2.500","20,49","+2,66%"
"RDNI3","RNI","2.500","3,71","-1,07%"
"BRSR3","Banrisul","2.400","13,28","+0,08%"
"PLAS3","Plascar","2.400","7,20","-4,76%"
"AFLT3","Afluente T","2.300","7,44","-6,30%"
"RPAD6","Alfa Holdings","2.200","8,43","+0,36%"
"SNSY5","Sansuy","2.200","6,38","-0,93%"
"CGAS5","Comgás","2.000","117,40","+3,91%"
"CLSC4","Celesc","2.000","67,11","+1,53%"
"BGIP4","Banese","2.000","23,30","+0,47%"
"CEBR3","CEB","2.000","21,60","+0,28%"
"ESTR4","Estrela","2.000","2,10","+0,00%"
"MNPR3","Minupar","1.900","19,50","+4,90%"
"MTSA4","METISA","1.700","49,29","+0,00%"
"PINE3","PINE","1.700","7,34","+1,24%"
"SNSY3","Sansuy","1.600","10,95","-1,08%"
"BEES4","Banestes","1.500","9,60","-1,03%"
"BAZA3","Banco da Amazônia","1.400","106,00","-0,45%"
"GEPA4","Rio Paranapanema Energia","1.400","26,60","+0,00%"
"NUTR3","Nutriplant","1.400","5,10","-1,73%"
"VSTE3","LE LIS BLANC","1.300","16,00","+0,00%"
"TELB4","Telebras","1.300","10,25","+0,49%"
"CTSA3","Santanense","1.300","2,84","-0,70%"
"WHRL3","Whirlpool","1.200","4,89","-1,61%"
"OSXB3","OSX Brasil","1.200","4,17","-1,65%"
"CGRA3","Grazziotin","900","27,50","+0,55%"
"EUCA3","Eucatex","900","17,02","-0,29%"
"CRPG5","Tronox Pigmentos","800","32,00","+0,95%"
"BSLI3","Banco de Brasília","800","9,51","+0,00%"
"RPMG3","Refinaria de Manguinhos","800","2,08","+1,46%"
"MAPT4","Cemepe","700","5,60","-9,97%"
"BAUH4","Excelsior","600","78,75","-0,01%"
"APER3","Alper","500","43,00","+2,38%"
"CSRN3","COSERN","500","26,50","+2,79%"
"BSLI4","Banco de Brasília","500","10,28","-1,06%"
"DOHL4","Döhler","500","4,50","+0,00%"
"NEXP3","Brasil Brokers","500","4,28","-0,23%"
"RSUL4","Metalúrgica Riosulense","400","81,49","+1,39%"
"DEXP4","Dexxos","400","11,26","-0,18%"
"FIEI3","Fica","400","10,00","+0,00%"
"CGAS3","Comgás","300","118,55","-0,78%"
"CRPG6","Tronox Pigmentos","300","30,66","+2,03%"
"ALPA3","Alpargatas","300","9,90","+0,00%"
"UNIP5","Unipar","200","65,11","-0,63%"
"SOND6","Sondotécnica","200","60,00","+3,48%"
"PEAB4","Participações Aliança da Bahia","200","46,12","-2,10%"
"TELB3","Telebras","200","14,20","+0,00%"
"MNDL3","Mundial","100","44,17","+0,00%"
"CEEB3","COELBA","100","39,20","-0,56%"
"CSRN5","COSERN","100","26,00","+6,56%"
"CEED4","CEEE D","100","25,00","+0,00%"
"CPLE5","Copel","100","19,90","-0,65%"
"FESA3","Ferbasa","100","15,98","+0,57%"
"MWET3","Wetzel","100","11,11","-16,47%"
"MERC4","Mercantil do Brasil Financeira","100","7,60","+0,00%"
"MAPT3","Cemepe","100","6,46","-0,46%"
"HAGA3","Haga","100","2,61","-0,76%"
"BDLL4","Bardella","1.300","9,63","+5,82%"
"CLSC3","Celesc","300","66,49","+0,74%"
"HBTS5","Habitasul","300","40,01","-2,41%"
"BRSR5","Banrisul","200","16,00","-5,83%"
"BALM4","Baumer","200","10,49","+0,00%"
"CTNM3","Coteminas","200","8,81","-0,23%"
"RPAD5","Alfa Holdings","200","8,35","+0,00%"
"HETA4","Hercules","200","6,05","-0,17%"
"PEAB3","Participações Aliança da Bahia","100","39,00","+0,00%"
"CALI3","Adolpho Lindenberg","100","29,00","+11,54%"
"BMEB3","Banco Mercantil do Brasil","100","23,00","-3,48%"
"NORD3","Nordon","100","8,00","-5,88%"
"DOHL3","Döhler","100","6,44","-0,46%"
"BMKS3","Monark","1","395,13","-1,22%"
"CBEE3","Ampla Energia","20.100","11,94","-0,50%"
"BDLL3","Bardella","1.000","12,00","-4,00%"
"IGTI4","Jereissati Participações","900","9,77","-2,10%"
"IGTI4","Iguatemi","900","9,77","-2,10%"
"EQMA3B","Equatorial Maranhão","300","28,99","-0,07%"
"MRSA6B","MRS Logística","200","26,06","+0,00%"
"USIM6","Usiminas","200","15,00","-11,24%"
"EKTR3","Elektro","100","45,35","-9,30%"
"MRSA5B","MRS Logística","100","26,06","+0,00%"
"CTKA4","Karsten","4.000","19,00","-0,58%"
"BMIN4","Banco Mercantil de Investimentos","500","15,30","-4,20%"
"MRSA3B","MRS Logística","400","28,00","+0,00%"
"LIPR3","Eletropar","300","51,90","+3,02%"
"SOND5","Sondotécnica","200","54,65","+8,17%"
"LUXM4","Trevisa","200","15,70","+0,06%"
"BGIP3","Banese","100","27,40","+0,40%"
"EALT3","Electro Aço Altona","100","9,88","+0,00%"
"BALM3","Baumer","300","12,00","+6,86%"
"EMAE3","EMAE","100","70,00","+16,65%"
"CTKA3","Karsten","300","19,00","-5,00%"
"CEDO3","Cedro Têxtil","200","33,00","+3,12%"
"AHEB3","São Paulo Turismo","100","19,00","+0,00%"
"GEPA3","Rio Paranapanema Energia","1.100","27,20","+6,67%"
"GSHP3","General Shopping & Outlets","700","10,80","+0,00%"
"ENMT4","Energisa MT","600","75,00","+0,00%"
"FRIO3","Metalfrio","200","301,00","-0,33%"
"TKNO4","Tekno","100","68,00","-1,43%"
"CSRN6","COSERN","100","24,00","+4,35%"
"JOPA3","Josapar","100","21,33","+1,57%"
"BNBR3","Banco do Nordeste","100","109,00","+2,35%"
"BRIV4","Alfa Investimento","700","12,54","+0,08%"
"ENMT3","Energisa MT","100","77,00","+0,67%"
"DTCY3","Dtcom","100","4,70","+5,62%"
"CRIV4","Alfa Financeira","90.000","6,74","+0,15%"
"CRPG3","Tronox Pigmentos","500","33,80","-4,79%"
"MOAR3","Monteiro Aranha","400","396,00","+0,25%"
"BRGE3","Consórcio Alfa","100","13,50","+0,00%"
"BRIV3","Alfa Investimento","3.000","12,86","+0,23%"
"ELET5","Eletrobras","1.000","99,00","+0,00%"
"BRGE6","Consórcio Alfa","400","12,92","+0,16%"
"PATI3","Panatlântica","100","29,90","+7,94%"
"DMFN3","DM Financeira","100","12,50","+0,00%"
"EQPA6","Equatorial Energia Pará","600","9,00","+0,00%"
"CRIV3","Alfa Financeira","300","6,98","+0,14%"
"BRKM6","Braskem","100","15,18","-5,07%"
"BRGE12","Consórcio Alfa","100","13,47","-0,88%"
"BRGE11","Consórcio Alfa","300","13,18","+0,08%"
"GPAR3","CELGPAR","100","47,50","+11,06%"
"PATI4","Panatlântica","300","33,00","+3,12%"
"RPAD3","Alfa Holdings","1.000","8,40","+0,12%"
"TEKA4","Teka","700","40,95","+2,38%"
"MSPA4","Melhoramentos","2.100","37,00","-2,63%"
"WLMM3","WLM","200","22,81","-6,32%"
"EQPA7","Equatorial Energia Pará","8.000","7,51","+0,00%"
"BRGE5","Consórcio Alfa","100","13,18","+0,08%"
"BRGE8","Consórcio Alfa","400","13,17","+12,95%"
"MSPA3","Melhoramentos","100","43,00","+0,00%"
"CEEB5","COELBA","100","36,86","+0,03%"
"BRGE7","Consórcio Alfa","500","13,07","-3,54%"
"EQPA5","Equatorial Energia Pará","100","7,50","+0,00%"
"JOPA4","Josapar","200","35,00","+3,55%"
"BMIN3","Banco Mercantil de Investimentos","100","20,01","+0,00%"
"COCE3","Coelce","100","50,99","+8,49%"
"CEGR3","Naturgy (CEG)","300","68,00","-20,00%"
"ESTR3","Estrela","200","7,60","-5,00%"
"AHEB5","São Paulo Turismo","100","16,61","+0,00%"
"CEED3","CEEE D","100","22,90","-5,68%"
"CSAB3","Cia. de Seg. Aliança da Bahia","100","30,50","-1,61%"
"CSAB4","Cia. de Seg. Aliança da Bahia","1.600","48,97","+19,47%"
"MEGA3","OMEGA ENERGIA S.A.","2.220.100","9,62","+1,48%"
"SQIA3","Sinqia","1.444.800","27,37","-0,29%"
"ALSO3","Aliansce Sonae","5.883.300","23,33","+2,06%"
"BRPR3","BR Properties","10.600","131,17","+2,48%"
"MTSA3","METISA","100","79,00","+2,60%"
"SLED4","Saraiva","64.300","1,60","-1,84%"
"SLED3","Saraiva","3.000","3,21","-0,31%"
"AHEB6","São Paulo Turismo","100","17,02","+0,06%"
"VIIA3","VIIA3","213.149.200","0,75","+2,74%"
"ENBR3","EDP Brasil","1.697.900","24,08","+0,12%"
"BOAS3","Boa Vista","23.239.000","7,95","-0,38%"
"MODL3","Banco Modal","16.688.000","3,08","+0,33%"
"MERC3","Mercantil do Brasil Financeira","51.500","15,28","+1,13%"
"CRDE3","CRDE3","400","16,00","+0,00%"
"IGBR3","IGB Eletrônica","700","175,99","+1,14%"
"ODER4","Conservas Oderich","100","100,00","+12,35%"
"PARD3","Hermes Pardini","1.861.800","18,10","+1,29%"
"CASN3","CASAN","100","10,43","-18,39%"
"WIZS3","WIZS3","779.400","7,16","+1,99%"
"LLIS3","LLIS3","249.800","1,73","+2,98%"
"BRML3","BRMalls","16.132.900","8,26","+2,35%"
"DMMO3","Dommo Energia","3.254.800","1,76","-1,12%"
"GETT3","Getnet","46.500","2,40","+1,27%"
"GETT4","Getnet","18.500","2,40","+1,27%"
"SULA4","SulAmérica","18.600","7,63","+5,53%"
"SULA3","SulAmérica","4.000","7,43","+1,50%"
"CEPE5","CELPE","100","40,12","+0,02%"
"TCNO4","Tecnosolo","36.800","0,85","-9,57%"
"TCNO3","Tecnosolo","3.400","1,20","-1,64%"
"CEPE6","CELPE","100","43,00","+6,17%"
"BKBR3","BKBR3","782.300","7,63","+0,26%"
"MTIG4","Metalgráfica Iguaçu","100","23,00","+0,00%"
"BLUT4","Blue Tech Solutions","171.100","1,52","-5,59%"
"BLUT3","Blue Tech Solutions","13.400","5,14","+0,59%"
"MODL4","Banco Modal","700","2,72","-2,16%"
"CARD3","CARD3","118.000","14,51","+1,82%"
"SHUL3","Schulz","100","27,94","-50,12%"
"FIGE3","Investimentos Bemge","100","12,03","+99,83%"
"FNCN3","FNCN3","4.800","14,25","-0,35%"
"HETA3","Hercules","200","96,00","+0,00%"
"LCAM3","Locamerica","26.118.900","24,15","+1,86%"
"BIDI4","Banco Inter","52.479.800","3,41","-2,01%"
"BIDI3","Banco Inter","15.262.400","3,40","-2,58%"
"EEEL4","CEEE GT","100","410,00","-2,88%"
"EEEL3","CEEE GT","400","421,01","+5,25%"
"BBRK3","BBRK3","1.279.600","0,80","+1,27%"
"SOND3","Sondotécnica","200","46,01","+14,45%"
"CESP6","CESP","9.306.600","25,25","+1,41%"
"CESP3","CESP","11.500","25,55","+1,71%"
"CESP5","CESP","300","25,00","+2,75%"
"ECPR4","Encorpar","100","90,74","+0,42%"
"MOSI3","Mosaico","1.021.200","8,24","+3,00%"
"POWE3","Focus Energia","678.000","10,90","-2,24%"
"ECPR3","Encorpar","300","90,25","+12,97%"
"GNDI3","NotreDame Intermédica","33.458.600","65,34","+0,00%"
"LAME4","Lojas Americanas","43.631.000","6,55","+2,02%"
"LAME3","Lojas Americanas","10.941.100","6,62","+2,95%"
"OMGE3","Omega Geração","834.900","27,57","-0,86%"
"IGTA3","IGTA3","1.643.400","33,13","+0,18%"
"JPSA3","JPSA3","100.100","29,02","+1,75%"
"BRDT3","BRDT3","24.483.500","22,03","-5,17%"
"JBDU4","JBDU4","2.556.100","1,36","+3,82%"
"JBDU3","JBDU3","1.890.100","3,12","+9,09%"
"HGTX3","Hering","7.519.800","37,50","-2,65%"
"CCPR3","CCPR3","328.200","10,16","-4,51%"
"DTEX3","DTEX3","2.867.800","20,63","-3,10%"
"VVAR3","VVAR3","64.987.000","11,30","-6,38%"
"PNVL4","Dimed","2.000","18,62","-2,67%"
"TESA3","Terra Santa","41.100","48,00","-2,74%"
"BTOW3","BTOW3","11.169.600","68,00","+4,15%"
"LINX3","Linx","8.510.000","37,40","-0,27%"
"BTTL3","BTTL3","6.100","19,72","-2,33%"
"GPCP3","GPCP3","698.100","49,00","-3,92%"
"GPCP4","GPCP4","5.300","45,51","-1,30%"
"SMLS3","Smiles","1.944.100","22,40","-1,71%"
"MMXM3","MMX Mineração","1.240.300","14,00","-30,35%"
"BSEV3","Biosev","528.800","9,00","+8,43%"
"CNTO3","CNTO3","2.083.600","28,08","+4,78%"
"TIET4","AES Tietê Energia","323.700","3,51","+1,15%"
"TIET3","AES Tietê Energia","169.100","3,49","+0,87%"
"CORR4","Corrêa Ribeiro","100","82,00","+18,84%"
"CEPE3","CELPE","1.300","128,00","+85,32%"
"CALI4","Adolpho Lindenberg","100","50,00","+4,17%"
"SNSY6","Sansuy","100","11,51","+4,64%"
"CASN4","CASAN","100","10,00","-16,67%"
"BPAR3","Banpará","100","182,07","+20,58%"
"APTI4","Aliperti","200","3.500,00","-61,96%"
"VSPT3","FCA","1.000.000","4.999.999,50","+114,29%"
"MTIG3","Metalgráfica Iguaçu","400","156,30","+29,60%"
"FIGE4","Investimentos Bemge","100","38,01","-4,97%"
"LUXM3","Trevisa","200","2,50","+8,23%"
"TKNO3","Tekno","100","85,79","+10,64%"
"COCE6","Coelce","100","35,00","+16,63%"
"MGEL3","Mangels","100","75,00","+8,70%"
"CTSA8","Santanense","2.000","1,00","+0,00%"
"MMAQ4","Minasmáquinas","14","200,06","-28,55%"
